"GeneName"	"log2fc"
"TM4SF4"	3.87193354962285
"REG4"	3.69219290138977
"RPS4Y1"	3.32597256976015
"MSN"	2.78872273763954
"SPINK4"	2.77345630321262
"NPW"	1.77667348589886
"KIAA1324"	1.71321897940665
"PIGR"	1.65220808533065
"NTSR1"	1.56325229757706
"ANXA13"	1.55222411500721
"GZMB"	1.53161891471767
"KLK11"	1.53125959904091
"AKAP12"	1.51878485561939
