"GeneName"	"log2fc"
"FAM3B"	-1.96654387767422
"CST7"	-1.76948049169168
"UNC5CL"	-1.55946516587685
"BATF"	-1.55320662355434
"DUSP27"	-1.54829091560583
